region,polyarchy,gdp_pc,flfp,women_rep
The West,0.8725937500000001,37.91305138888889,52.84760416666666,27.78351851851852
Latin America,0.64050125,9.610281333333333,48.0286625,20.864359400998335
Eastern Europe,0.5383946524064172,12.177422374429224,51.407207009857615,17.60887262079063
Asia,0.4077176339285714,9.74638888888889,50.280336426914154,14.296117647058823
Africa,0.3929385093167702,4.410481021394065,56.71849504950495,17.152801418439715
Middle East,0.24854725609756098,21.13431173380035,26.489309791332264,9.945488372093024
