region,polyarchy,gdp_pc,flfp,women_rep
The West,0.8709229797979798,37.91305416666667,52.84760416666666,27.78351851851852
Latin America,0.6371357575757576,9.610284,48.0286625,20.864359400998335
Eastern Europe,0.5387450777202073,12.176553652968037,51.407207009857615,17.60887262079063
Asia,0.40766017316017317,9.746391358024692,50.280336426914154,14.296117647058823
Africa,0.39341661649608667,4.410484472049689,56.71849504950495,17.152801418439715
Middle East,0.24588921713441655,21.13431873905429,26.489309791332264,9.945488372093024
