region,polyarchy,gdp_pc,flfp,women_rep
The West,0.8725937500000001,37.91305138888889,52.847669270833336,27.78351851851852
Latin America,0.64050125,9.610281333333333,48.0286,20.864359400998335
Eastern Europe,0.5383946524064172,12.177422374429224,50.453844468784226,17.60887262079063
Asia,0.4077176339285714,9.74638888888889,50.28044083526682,14.296117647058823
Africa,0.3929385093167702,4.410481021394065,56.71857425742574,17.152801418439715
Middle East,0.24854725609756098,21.13431173380035,26.48935794542536,9.945488372093024
